feature,lag,val_mci,pval
ICE BofA MOVE Index | diff_1,1,0.04712449387517322,0.013966031742860768
U.S. Dollar Index | log_return,2,-0.04640101618929314,0.015844889855448442
USD / JPY Exchange Rate | log_return,5,-0.04350792775235508,0.02642350024001327
US 3M Treasury Yield | log_return,1,-0.04255417060464162,0.03073172593730229
Silver Futures | log_return,1,0.04133487169617822,0.03721005177757266
