feature,lag,val_mci,pval
ICE BofA MOVE Index | diff_1,1,0.047124493875173215,0.01396603174286077
U.S. Dollar Index | log_return,2,-0.04640101618929313,0.015844889855448487
USD / JPY Exchange Rate | log_return,5,-0.043507927752355076,0.02642350024001332
US 3M Treasury Yield | log_return,1,-0.04255417060464162,0.030731725937302286
Silver Futures | log_return,1,0.041334871696178235,0.03721005177757247
